{"cameraMode":{"drawMode":0,"name":"Shaded","section":"Shading Mode"},"sceneLighting":true,"audioPlay":false,"sceneViewState":{"m_AlwaysRefresh":false,"showFog":true,"showSkybox":true,"showFlares":true,"showImageEffects":true,"showParticleSystems":true,"showVisualEffectGraphs":true,"m_FxEnabled":true},"in2DMode":false,"pivot":{"x":-15.322019577026368,"y":0.5871946215629578,"z":15.857648849487305},"rotation":{"x":0.016417115926742555,"y":0.37234601378440859,"z":0.006587779149413109,"w":-0.9279279708862305},"size":13.85241985321045,"orthographic":false}